{
  "analysis_timestamp": 1748736752.9431958,
  "confidence_analysis": {
    "overall": {
      "mean": 0.6212777805825075,
      "median": 0.6492211520671844,
      "min": 0.31426674127578735,
      "max": 0.9101784825325012,
      "std": 0.20783756706269288,
      "count": 24
    },
    "by_class": {
      "bird": {
        "mean": 0.5207572778066,
        "median": 0.4595527946949005,
        "min": 0.32692018151283264,
        "max": 0.7757988572120667,
        "std": 0.2306133299250116,
        "count": 3
      },
      "cat": {
        "mean": 0.69080249877537,
        "median": 0.7461386322975159,
        "min": 0.33264803886413574,
        "max": 0.9101784825325012,
        "std": 0.18485254060127373,
        "count": 17
      },
      "dog": {
        "mean": 0.40118810534477234,
        "median": 0.3671952188014984,
        "min": 0.31426674127578735,
        "max": 0.5560952425003052,
        "std": 0.10674330557581169,
        "count": 4
      }
    }
  },
  "bbox_analysis": {
    "areas": {
      "mean": 165131.29388173492,
      "median": 108978.4443080984,
      "min": 3314.010037759319,
      "max": 412914.27836743
    },
    "ratios": {
      "mean": 0.8465427727924977,
      "median": 0.6906429639765705
    }
  },
  "speed_benchmark": {
    "average": 0.05302380720774333,
    "median": 0.05804789066314697,
    "min": 0.028463125228881836,
    "max": 0.06795597076416016,
    "std": 0.012326947424164198,
    "max_fps": 18.85945300159369,
    "iterations": 3,
    "images_per_iteration": 10
  },
  "threshold_testing": {
    "0.1": {
      "total_detections": 10,
      "detections_by_class": {
        "bird": 1,
        "cat": 7,
        "dog": 2
      },
      "avg_processing_time": 0.09165707756491269,
      "images_processed": 17
    },
    "0.2": {
      "total_detections": 8,
      "detections_by_class": {
        "bird": 1,
        "cat": 5,
        "dog": 2
      },
      "avg_processing_time": 0.045981827904196346,
      "images_processed": 17
    },
    "0.3": {
      "total_detections": 7,
      "detections_by_class": {
        "bird": 1,
        "cat": 4,
        "dog": 2
      },
      "avg_processing_time": 0.04559183120727539,
      "images_processed": 17
    },
    "0.4": {
      "total_detections": 4,
      "detections_by_class": {
        "cat": 4
      },
      "avg_processing_time": 0.04546799379236558,
      "images_processed": 17
    },
    "0.5": {
      "total_detections": 3,
      "detections_by_class": {
        "cat": 3
      },
      "avg_processing_time": 0.04601540284998277,
      "images_processed": 17
    },
    "0.6": {
      "total_detections": 3,
      "detections_by_class": {
        "cat": 3
      },
      "avg_processing_time": 0.04625166163725011,
      "images_processed": 17
    },
    "0.7": {
      "total_detections": 2,
      "detections_by_class": {
        "cat": 2
      },
      "avg_processing_time": 0.04671587663538316,
      "images_processed": 17
    },
    "0.8": {
      "total_detections": 1,
      "detections_by_class": {
        "cat": 1
      },
      "avg_processing_time": 0.04620762432322783,
      "images_processed": 17
    },
    "0.9": {
      "total_detections": 1,
      "detections_by_class": {
        "cat": 1
      },
      "avg_processing_time": 0.046678991878733915,
      "images_processed": 17
    }
  },
  "method_comparison": {
    "YOLOv11n": {
      "total_images_processed": 92,
      "total_animals_detected": 24,
      "animals_by_type": {
        "bird": 3,
        "cat": 17,
        "dog": 4
      },
      "total_processing_time": 5.777266263961792,
      "avg_time_per_image": 0.06279637243436731,
      "images_per_second": 15.924486737592478,
      "confidence_threshold": 0.3,
      "model_info": {
        "model": "YOLOv11n",
        "version": "ultralytics",
        "classes_detected": [
          "bird",
          "cat",
          "dog"
        ]
      }
    },
    "GroundingDINO": {
      "total_images_processed": 10,
      "total_detections": 0,
      "total_processing_time": 87.47219681739807,
      "avg_time_per_image": 8.747219681739807,
      "text_prompts_used": [
        "black crow bird",
        "magpie bird",
        "raven bird",
        "corvid bird"
      ],
      "confidence_threshold": 0.25,
      "model_info": {
        "approach": "transformers",
        "device": "mps"
      }
    }
  }
}