{
  "memory_usage": {
    "initial_mb": 231.734375,
    "after_loading_mb": 246.640625,
    "peak_mb": 519.328125,
    "overhead_mb": 287.59375
  },
  "batch_processing": {
    "single": {
      "time": 0.7797501087188721,
      "fps": 21.80185653058897,
      "detections": 37
    },
    "batch": {
      "time": 1.0804767608642578,
      "fps": 15.733795131699033,
      "detections": 36,
      "batch_size": 5
    },
    "speedup": 0.7216722626178107
  },
  "threading_performance": {
    "sequential": {
      "time": 0.8436610698699951,
      "fps": 20.150271960065236
    },
    "threaded": {
      "time": 0.8483090400695801,
      "fps": 20.039866601687546,
      "num_threads": 4
    },
    "speedup": 0.9945208998371587
  },
  "image_sizes": {
    "640x480": {
      "avg_time": 0.03303901354471842,
      "fps": 30.26724749655423,
      "avg_detections": 4.0,
      "megapixels": 0.3072
    },
    "1280x720": {
      "avg_time": 0.029839038848876953,
      "fps": 33.51314380682999,
      "avg_detections": 4.0,
      "megapixels": 0.9216
    },
    "1920x1080": {
      "avg_time": 0.036390225092569985,
      "fps": 27.479906965570713,
      "avg_detections": 4.0,
      "megapixels": 2.0736
    },
    "2560x1440": {
      "avg_time": 0.04532790184020996,
      "fps": 22.0614667655521,
      "avg_detections": 5.0,
      "megapixels": 3.6864
    },
    "3840x2160": {
      "avg_time": 0.06364115079243977,
      "fps": 15.713103668747527,
      "avg_detections": 5.0,
      "megapixels": 8.2944
    }
  },
  "model_warmup": {
    "cold_start_avg": 0.06258640289306641,
    "warm_start_avg": 0.06154136657714844,
    "improvement_percent": 1.669749766100945,
    "cold_times": [
      0.06783676147460938,
      0.07275128364562988,
      0.048538923263549805,
      0.06336522102355957,
      0.0604398250579834
    ],
    "warm_times": [
      0.06838798522949219,
      0.0694739818572998,
      0.049317121505737305,
      0.061311960220336914,
      0.05921578407287598
    ]
  },
  "stress_test": {
    "total_images": 1150,
    "total_time": 60.05247473716736,
    "avg_fps": 19.14991855095437,
    "avg_processing_time": 0.052050450781117315,
    "total_detections": 3150,
    "errors": 0,
    "success_rate": 100.0,
    "duration_minutes": 1
  }
}